#;inlet_Y_SO2;LengthCat2;LengthCool;LengthCat1;conversion;so2;so3;constr;obj_conversion;obj_so2;obj_so3
1;0.05612500000000002;1130;1580;920;0.5625279431961917;0.0245545736924075;0.03945363685283768;370;-0.5625279431961917;0.0245545736924075;-0.03945363685283768
2;0.133125;1700;600;900;0.7714577257926737;0.03042995735297554;0.1283535229744281;800;-0.7714577257926737;0.03042995735297554;-0.1283535229744281
3;0.083125;1780;940;980;0.8234320397907199;0.01467851138786214;0.08553793023715722;300;-0.8234320397907199;0.01467851138786214;-0.08553793023715722
4;0.08862500000000001;640;1720;550;0.3989891733269951;0.05326684559642494;0.04418721769783491;1090;-0.3989891733269951;0.05326684559642494;-0.04418721769783491
5;0.081125;920;980;910;0.6913999072515398;0.02503702208783367;0.07009334710330925;1190;-0.6913999072515398;0.02503702208783367;-0.07009334710330925
6;0.082375;1020;1780;680;0.5028292798196815;0.04095660890053945;0.05176066742778403;520;-0.5028292798196815;0.04095660890053945;-0.05176066742778403
7;0.113875;580;1030;760;0.6679089608090997;0.03781955176174828;0.09504676764523114;1630;-0.6679089608090997;0.03781955176174828;-0.09504676764523114
8;0.09137500000000001;1850;1270;750;0.7653457509183668;0.02144325660230439;0.08739384700723261;130;-0.7653457509183668;0.02144325660230439;-0.08739384700723261
9;0.130875;680;1240;540;0.5976773268674573;0.052657335270693;0.09774893006477536;1540;-0.5976773268674573;0.052657335270693;-0.09774893006477536
10;0.100625;1600;1330;530;0.6561604715643589;0.03460125373748345;0.08251007056913319;540;-0.6561604715643589;0.03460125373748345;-0.08251007056913319
11;0.05762500000000001;1860;890;720;0.6991681732905377;0.01733670327534829;0.05034835059598498;530;-0.6991681732905377;0.01733670327534829;-0.05034835059598498
12;0.102875;550;1760;830;0.603823480602142;0.04075928119399109;0.07762625655304679;860;-0.603823480602142;0.04075928119399109;-0.07762625655304679
13;0.126375;1570;1910;680;0.7444959833509378;0.03229188711328063;0.1175760631828074;-160;-0.7444959833509378;0.03229188711328063;-0.1175760631828074
14;0.129125;1870;1590;580;0.7884647069710543;0.02731682166285332;0.1272302706608143;-40;-0.7884647069710543;0.02731682166285332;-0.1272302706608143
15;0.07162500000000001;870;2000;810;0.5032481882423703;0.03558173483635178;0.04504335603890917;320;-0.5032481882423703;0.03558173483635178;-0.04504335603890917
16;0.08737500000000001;1270;880;960;0.7841333470953639;0.0188629339519013;0.08561985180701576;890;-0.7841333470953639;0.0188629339519013;-0.08561985180701576
17;0.079125;1990;1160;670;0.7275279923755833;0.0215609886780155;0.07193783269418948;180;-0.7275279923755833;0.0215609886780155;-0.07193783269418948
18;0.08387500000000001;1580;1470;840;0.7027232874137136;0.02493595763602623;0.07365637975542839;110;-0.7027232874137136;0.02493595763602623;-0.07365637975542839
19;0.148625;1630;1430;800;0.8111672460196674;0.02806789596981213;0.150662024527474;140;-0.8111672460196674;0.02806789596981213;-0.150662024527474
20;0.06387500000000002;1340;910;730;0.643729940568072;0.02275830425149878;0.05138367283034565;1020;-0.643729940568072;0.02275830425149878;-0.05138367283034565
21;0.104125;1780;1650;750;0.7477694199952086;0.02626557037532754;0.0973010798712356;-180;-0.7477694199952086;0.02626557037532754;-0.0973010798712356
22;0.09337500000000001;1110;990;510;0.5910274226203706;0.03819021237900386;0.0689646249419462;1390;-0.5910274226203706;0.03819021237900386;-0.0689646249419462
23;0.06887500000000001;1080;1670;1000;0.6250383997551076;0.02582717309718878;0.05379694829896569;250;-0.6250383997551076;0.02582717309718878;-0.05379694829896569
24;0.120625;1170;520;770;0.7708793099273469;0.02764010284279741;0.1162044065999445;1540;-0.7708793099273469;0.02764010284279741;-0.1162044065999445
25;0.109875;1840;610;650;0.8057692189927481;0.02134309139430933;0.1106396523266748;900;-0.8057692189927481;0.02134309139430933;-0.1106396523266748
26;0.09237500000000001;1030;1400;650;0.5760442880970417;0.039165289074056;0.06649631547354004;920;-0.5760442880970417;0.039165289074056;-0.06649631547354004
27;0.137125;1790;1050;730;0.8027976619663617;0.02704391628483706;0.1375702365468248;430;-0.8027976619663617;0.02704391628483706;-0.1375702365468248
28;0.082875;1350;1410;510;0.5090535167916703;0.04068939121081477;0.05271950726515752;730;-0.5090535167916703;0.04068939121081477;-0.05271950726515752
29;0.097875;830;1460;990;0.7182731551780915;0.02757612595346166;0.08785278221221862;720;-0.7182731551780915;0.02757612595346166;-0.08785278221221862
30;0.149375;1490;840;910;0.7624988267042435;0.03547546853808205;0.1423188487993008;760;-0.7624988267042435;0.03547546853808205;-0.1423188487993008
31;0.09262500000000001;1670;550;950;0.8260118291338178;0.01611716251915597;0.09561279004030861;830;-0.8260118291338178;0.01611716251915597;-0.09561279004030861
32;0.109125;1860;710;920;0.8241499518156995;0.01919149358536688;0.1123914781180382;510;-0.8241499518156995;0.01919149358536688;-0.1123914781180382
33;0.05687500000000001;1380;1370;670;0.5177410497538094;0.02742997920924511;0.0367975279357194;580;-0.5177410497538094;0.02742997920924511;-0.0367975279357194
34;0.112625;1670;1170;990;0.8387223482316899;0.01816561827507248;0.1180470312204804;170;-0.8387223482316899;0.01816561827507248;-0.1180470312204804
35;0.114125;860;1810;730;0.6310874206686058;0.04210497274551286;0.09000368928154263;600;-0.6310874206686058;0.04210497274551286;-0.09000368928154263
36;0.06937500000000001;690;750;550;0.475378507172175;0.03639744226367399;0.04121214234285517;2010;-0.475378507172175;0.03639744226367399;-0.04121214234285517
37;0.112875;1460;580;890;0.7999311402412441;0.02258485897086098;0.1128369533244741;1070;-0.7999311402412441;0.02258485897086098;-0.1128369533244741
38;0.111375;1190;830;580;0.7316636074612398;0.02988833135984724;0.1018343764082022;1400;-0.7316636074612398;0.02988833135984724;-0.1018343764082022
39;0.117375;1620;740;970;0.8115652294666115;0.0221196609909317;0.1190424118282503;670;-0.8115652294666115;0.0221196609909317;-0.1190424118282503
40;0.06237500000000001;1830;1780;610;0.4829062357970066;0.03225537120090743;0.03764058972175863;-220;-0.4829062357970066;0.03225537120090743;-0.03764058972175863
41;0.138125;1380;1930;840;0.805510094378235;0.02686635101101869;0.1390411874014696;-150;-0.805510094378235;0.02686635101101869;-0.1390411874014696
42;0.078125;530;840;910;0.6203898216735719;0.02965898103369227;0.06056809350249671;1720;-0.6203898216735719;0.02965898103369227;-0.06056809350249671
43;0.06587500000000002;1860;1500;940;0.6881792664093538;0.02054267310650656;0.05665189116472158;-300;-0.6881792664093538;0.02054267310650656;-0.05665189116472158
44;0.118125;1690;810;710;0.8066417597791802;0.02284254363524315;0.1190757544350543;790;-0.8066417597791802;0.02284254363524315;-0.1190757544350543
45;0.121625;1070;770;950;0.7899499163928828;0.02554966886867945;0.1200667724581986;1210;-0.7899499163928828;0.02554966886867945;-0.1200667724581986
46;0.06312500000000001;1040;1900;580;0.3851921483927791;0.03881133901399069;0.03038487885015148;480;-0.3851921483927791;0.03881133901399069;-0.03038487885015148
47;0.111875;1510;1120;610;0.7617527092972222;0.02665610096472673;0.1064985079619864;760;-0.7617527092972222;0.02665610096472673;-0.1064985079619864
48;0.146375;1610;1070;660;0.7854316653081961;0.03141040013174974;0.1436736437798999;660;-0.7854316653081961;0.03141040013174974;-0.1436736437798999
49;0.076625;1800;1060;550;0.6660290698439313;0.02559231580183004;0.06377566075043348;590;-0.6660290698439313;0.02559231580183004;-0.06377566075043348
50;0.09987500000000001;1800;1920;650;0.6237117321748873;0.03758428073185436;0.07784493147123664;-370;-0.6237117321748873;0.03758428073185436;-0.07784493147123664
51;0.05412500000000001;1060;1150;840;0.5697551070396146;0.02328839387038454;0.03853655625400487;950;-0.5697551070396146;0.02328839387038454;-0.03853655625400487
52;0.119375;790;1880;950;0.7304660795126032;0.0321781901958255;0.1089705395583557;380;-0.7304660795126032;0.0321781901958255;-0.1089705395583557
53;0.09087500000000001;620;900;830;0.6438306618549593;0.03236910244815868;0.07311502711874981;1650;-0.6438306618549593;0.03236910244815868;-0.07311502711874981
54;0.07487500000000001;1300;1260;1000;0.7188231625573395;0.02105472030777458;0.0672593799608464;440;-0.7188231625573395;0.02105472030777458;-0.0672593799608464
55;0.103875;960;900;780;0.7333861564274879;0.02769670043390119;0.09520042945824582;1360;-0.7333861564274879;0.02769670043390119;-0.09520042945824582
56;0.122375;1030;1990;600;0.5766396481258079;0.05181190579232418;0.08818297480975808;380;-0.5766396481258079;0.05181190579232418;-0.08818297480975808
57;0.103625;1220;1560;510;0.5311285350358028;0.04858954548961455;0.06877799801409724;710;-0.5311285350358028;0.04858954548961455;-0.06877799801409724
58;0.149875;1260;1620;870;0.8068071038658386;0.02895744471965734;0.1511122451659404;250;-0.8068071038658386;0.02895744471965734;-0.1511122451659404
59;0.06562500000000002;890;1850;910;0.5435325619237343;0.02995738829707638;0.04457389385625726;350;-0.5435325619237343;0.02995738829707638;-0.04457389385625726
60;0.139625;690;880;710;0.7287226214676685;0.03788016534118144;0.1271514740035782;1720;-0.7287226214676685;0.03788016534118144;-0.1271514740035782
61;0.139875;1900;1520;800;0.8325731001642068;0.02342113748608748;0.1455345088616562;-220;-0.8325731001642068;0.02342113748608748;-0.1455345088616562
62;0.05437500000000001;1120;1590;730;0.4765849224165881;0.02846213227326963;0.03238339402422747;560;-0.4765849224165881;0.02846213227326963;-0.03238339402422747
63;0.126625;1290;1200;920;0.8123451773089664;0.02376395734972699;0.1285465728105932;590;-0.8123451773089664;0.02376395734972699;-0.1285465728105932
64;0.125125;1400;820;660;0.7847966365817037;0.02692972606740471;0.122715911056233;1120;-0.7847966365817037;0.02692972606740471;-0.122715911056233
65;0.123375;900;920;520;0.6648675346014087;0.04134990659575147;0.1025071172208691;1660;-0.6648675346014087;0.04134990659575147;-0.1025071172208691
66;0.133375;1590;1800;960;0.835522951434103;0.02193921528137996;0.139262770732539;-350;-0.835522951434103;0.02193921528137996;-0.139262770732539
67;0.124125;1260;1530;990;0.8164674379751478;0.02278304790749885;0.1266480265784812;220;-0.8164674379751478;0.02278304790749885;-0.1266480265784812
68;0.131125;1770;1190;940;0.8256582452592287;0.02286281829516181;0.1352974265060841;100;-0.8256582452592287;0.02286281829516181;-0.1352974265060841
69;0.125625;1130;1440;790;0.7749586692590007;0.02827321743829456;0.1216612708332824;640;-0.7749586692590007;0.02827321743829456;-0.1216612708332824
70;0.142625;1530;1390;560;0.7855599592393138;0.03058718106137659;0.1400147449112722;520;-0.7855599592393138;0.03058718106137659;-0.1400147449112722
71;0.05862500000000001;1820;850;590;0.6662921532516617;0.01956500270994628;0.04881339950186675;740;-0.6662921532516617;0.01956500270994628;-0.04881339950186675
72;0.145125;1120;1510;970;0.8036716187337068;0.02849478556882169;0.1457544425486031;400;-0.8036716187337068;0.02849478556882169;-0.1457544425486031
73;0.06362500000000001;1460;800;960;0.7471402416229266;0.01608947011479191;0.0594052753347307;780;-0.7471402416229266;0.01608947011479191;-0.0594052753347307
74;0.081375;1920;1740;870;0.6958849043351084;0.02474916225972238;0.07076537332089669;-530;-0.6958849043351084;0.02474916225972238;-0.07076537332089669
75;0.131625;1590;1440;1000;0.8343645961643111;0.02180390389978437;0.1372454065078218;-30;-0.8343645961643111;0.02180390389978437;-0.1372454065078218
76;0.148875;1540;1450;660;0.8018613170872374;0.02950062743413244;0.14918395134851;350;-0.8018613170872374;0.02950062743413244;-0.14918395134851
77;0.07262500000000001;770;590;920;0.6792614244670063;0.02329530966149625;0.06164744830073364;1720;-0.6792614244670063;0.02329530966149625;-0.06164744830073364
78;0.095125;1980;1630;630;0.6750096519613414;0.03091689302767305;0.08024098014788848;-240;-0.6750096519613414;0.03091689302767305;-0.08024098014788848
79;0.076125;600;1600;630;0.4231065663053368;0.04391797639562424;0.04024920923123784;1170;-0.4231065663053368;0.04391797639562424;-0.04024920923123784
80;0.109375;1170;1770;640;0.6042144439265309;0.04329180217429305;0.08258433749112157;420;-0.6042144439265309;0.04329180217429305;-0.08258433749112157
81;0.076375;1900;1420;540;0.5828453524790452;0.03186214501615393;0.05562783055491913;140;-0.5828453524790452;0.03186214501615393;-0.05562783055491913
82;0.05837500000000001;1160;580;720;0.6481982377591803;0.02053782082210929;0.04728518122026378;1540;-0.6481982377591803;0.02053782082210929;-0.04728518122026378
83;0.07087500000000001;740;1420;500;0.3737444631706632;0.04438761342770311;0.033101360634098;1340;-0.3737444631706632;0.04438761342770311;-0.033101360634098
84;0.106625;750;1230;680;0.6183303070351251;0.04069818504565242;0.08238891090956946;1340;-0.6183303070351251;0.04069818504565242;-0.08238891090956946
85;0.096375;1480;740;640;0.768619854635845;0.02230110453934536;0.09257052877460364;1140;-0.768619854635845;0.02230110453934536;-0.09257052877460364
86;0.06662500000000002;1010;1250;990;0.6498994594050328;0.02332703624865639;0.05410953731666495;750;-0.6498994594050328;0.02332703624865639;-0.05410953731666495
87;0.08912500000000001;550;1540;930;0.618727780880192;0.03398310953236602;0.06891098079839494;980;-0.618727780880192;0.03398310953236602;-0.06891098079839494
88;0.119875;1950;1800;640;0.7604418812683349;0.02871934195635835;0.113917509106658;-390;-0.7604418812683349;0.02871934195635835;-0.113917509106658
89;0.082625;520;1320;650;0.4618061634586292;0.04447043371412663;0.04768186479069477;1510;-0.4618061634586292;0.04447043371412663;-0.04768186479069477
90;0.136375;1890;830;620;0.7853412825834954;0.02927682206692111;0.1338427009956743;660;-0.7853412825834954;0.02927682206692111;-0.1338427009956743
91;0.105625;1180;1960;740;0.626330563333631;0.03947144140288444;0.08267227241260815;120;-0.626330563333631;0.03947144140288444;-0.08267227241260815
92;0.06812500000000002;1180;1980;740;0.4834698245405388;0.03519041371843797;0.04115844037770129;100;-0.4834698245405388;0.03519041371843797;-0.04115844037770129
93;0.141125;810;1870;790;0.7358126025578562;0.03728646902498181;0.1297678906536918;530;-0.7358126025578562;0.03728646902498181;-0.1297678906536918
94;0.07237500000000001;530;1370;780;0.500291144318507;0.03616834648960732;0.04524757263448088;1320;-0.500291144318507;0.03616834648960732;-0.04524757263448088
95;0.143125;1320;1350;720;0.7955706511214325;0.02926157791862677;0.1422964650604463;610;-0.7955706511214325;0.02926157791862677;-0.1422964650604463
96;0.111625;970;1090;890;0.7704027683452596;0.02563094344235236;0.107467375140016;1050;-0.7704027683452596;0.02563094344235236;-0.107467375140016
97;0.06612500000000002;1440;620;620;0.6878624152151309;0.02064162905945701;0.05684082146048168;1320;-0.6878624152151309;0.02064162905945701;-0.05684082146048168
98;0.131875;1280;1440;510;0.6955483039771235;0.0401525528707405;0.1146259432914559;770;-0.6955483039771235;0.0401525528707405;-0.1146259432914559
99;0.120375;910;1350;880;0.7643658770519923;0.02836679750498876;0.1149831703502536;860;-0.7643658770519923;0.02836679750498876;-0.1149831703502536
100;0.100375;860;2000;610;0.4745866465298811;0.05274100757648471;0.05952832905723891;530;-0.4745866465298811;0.05274100757648471;-0.05952832905723891
101;0.081875;1160;990;670;0.6401922480041116;0.02946125112596168;0.06550160517682541;1180;-0.6401922480041116;0.02946125112596168;-0.06550160517682541
102;0.140375;1630;1700;580;0.7808520966604113;0.03076551448175123;0.1369797926950237;90;-0.7808520966604113;0.03076551448175123;-0.1369797926950237
103;0.06537500000000002;1660;1490;780;0.6067683172111009;0.02570913013286475;0.04957042452852035;70;-0.6067683172111009;0.02570913013286475;-0.04957042452852035
104;0.096125;1820;1360;640;0.7220428481465172;0.02672065103900713;0.08673472679483554;180;-0.7220428481465172;0.02672065103900713;-0.08673472679483554
105;0.130375;1380;1770;520;0.648214036360703;0.0458672491216179;0.1056096199953171;330;-0.648214036360703;0.0458672491216179;-0.1056096199953171
106;0.06912500000000002;590;1750;890;0.5260020301657733;0.03276693659822712;0.04543678994413864;770;-0.5260020301657733;0.03276693659822712;-0.04543678994413864
107;0.082125;1730;760;650;0.7681336330545417;0.01904358117414714;0.0788330822828311;860;-0.7681336330545417;0.01904358117414714;-0.0788330822828311
108;0.134375;1640;1150;540;0.7886377011896594;0.0284043553165658;0.1324328757030309;670;-0.7886377011896594;0.0284043553165658;-0.1324328757030309
109;0.136125;990;1700;520;0.6103101227673544;0.05304995930043926;0.1038191253332264;790;-0.6103101227673544;0.05304995930043926;-0.1038191253332264
110;0.06762500000000002;1660;1370;600;0.5583107637091796;0.02987096989743062;0.0471812421874034;370;-0.5583107637091796;0.02987096989743062;-0.0471812421874034
111;0.146875;1200;1070;820;0.7795708784428778;0.03237848883913778;0.1430882837891488;910;-0.7795708784428778;0.03237848883913778;-0.1430882837891488
112;0.07312500000000001;1520;1530;960;0.6873183263047034;0.02286645891978296;0.06280804464343238;-10;-0.6873183263047034;0.02286645891978296;-0.06280804464343238
113;0.128375;600;1070;640;0.6543707944776329;0.04437322313621383;0.1049772791457815;1690;-0.6543707944776329;0.04437322313621383;-0.1049772791457815
114;0.077625;840;1100;590;0.5009041420925776;0.03874436442717239;0.04858923485410661;1470;-0.5009041420925776;0.03874436442717239;-0.04858923485410661
115;0.132875;1690;840;530;0.7825438660455871;0.0288971753596892;0.1299431181882611;940;-0.7825438660455871;0.0288971753596892;-0.1299431181882611
116;0.124875;1950;1670;760;0.8292387227816108;0.02132576069715921;0.12940634556473;-380;-0.8292387227816108;0.02132576069715921;-0.12940634556473
117;0.079875;1040;1300;800;0.6217708398347921;0.03021302260855208;0.06206265913759305;860;-0.6217708398347921;0.03021302260855208;-0.06206265913759305
118;0.137375;1830;700;730;0.7727634405999333;0.03121873714721524;0.132661393637322;740;-0.7727634405999333;0.03121873714721524;-0.132661393637322
119;0.05887500000000001;1350;1450;520;0.4363197566180422;0.0331882192725302;0.03210087552226632;680;-0.4363197566180422;0.0331882192725302;-0.03210087552226632
120;0.05112500000000001;1600;810;640;0.6303799099335137;0.0188980745358598;0.04027404162998174;950;-0.6303799099335137;0.0188980745358598;-0.04027404162998174
121;0.05987500000000001;830;750;720;0.5576266375636247;0.02648867451771616;0.04172301003748433;1700;-0.5576266375636247;0.02648867451771616;-0.04172301003748433
122;0.146125;1700;1460;920;0.8204001228514305;0.02624659372474264;0.1498143767989027;-80;-0.8204001228514305;0.02624659372474264;-0.1498143767989027
123;0.121875;1940;870;890;0.8181073601963194;0.0221702573262004;0.1246025039140859;300;-0.8181073601963194;0.0221702573262004;-0.1246025039140859
124;0.05087500000000001;1150;1540;600;0.4190389874931452;0.02955771916288378;0.0266403068889298;710;-0.4190389874931452;0.02955771916288378;-0.0266403068889298
125;0.078875;1140;890;790;0.6898259891932697;0.02446673060438583;0.06799405597028672;1180;-0.6898259891932697;0.02446673060438583;-0.06799405597028672
126;0.09287500000000001;1740;1960;900;0.7091720920808543;0.02701266696137921;0.08230834766628708;-600;-0.7091720920808543;0.02701266696137921;-0.08230834766628708
127;0.118625;1740;1470;670;0.789771919577708;0.02494042210531117;0.1170780888979331;120;-0.789771919577708;0.02494042210531117;-0.1170780888979331
128;0.05937500000000001;670;1670;780;0.4607867233184182;0.03201734460053404;0.03418893340804335;880;-0.4607867233184182;0.03201734460053404;-0.03418893340804335
129;0.102625;510;1130;890;0.6673525203203587;0.03414037984032976;0.08558551692538646;1470;-0.6673525203203587;0.03414037984032976;-0.08558551692538646
130;0.06462500000000002;1400;1220;800;0.6270482971988388;0.02410359462621777;0.05063969426723196;580;-0.6270482971988388;0.02410359462621777;-0.05063969426723196
131;0.129875;1060;1660;710;0.7313991109923199;0.03488728169612831;0.1187066300709383;570;-0.7313991109923199;0.03488728169612831;-0.1187066300709383
132;0.094875;500;1290;780;0.5739752485263858;0.04042154692905741;0.06805062600568686;1430;-0.5739752485263858;0.04042154692905741;-0.06805062600568686
133;0.127375;850;570;810;0.7521978626565919;0.03156646825265133;0.1197330108014885;1770;-0.7521978626565919;0.03156646825265133;-0.1197330108014885
134;0.06162500000000001;1670;630;710;0.7338231936964659;0.01640440795219158;0.05651225628071235;990;-0.7338231936964659;0.01640440795219158;-0.05651225628071235
135;0.146625;1260;720;770;0.7527442464468322;0.03625708393379429;0.1379287410407903;1250;-0.7527442464468322;0.03625708393379429;-0.1379287410407903
136;0.112375;910;660;690;0.7316071324467744;0.0301630346241415;0.1027407791050828;1740;-0.7316071324467744;0.0301630346241415;-0.1027407791050828
137;0.129375;1420;1010;1000;0.8099342816222429;0.02459204973516602;0.1309488172894649;570;-0.8099342816222429;0.02459204973516602;-0.1309488172894649
138;0.095375;1210;640;530;0.6997905228767739;0.02863462389521081;0.08340575221499541;1620;-0.6997905228767739;0.02863462389521081;-0.08340575221499541
139;0.125875;610;1810;800;0.6725179228239547;0.04122479609521632;0.1057878289963793;780;-0.6725179228239547;0.04122479609521632;-0.1057878289963793
140;0.07337500000000001;1800;650;560;0.7478658344564827;0.018501814176196;0.06857521390943547;990;-0.7478658344564827;0.018501814176196;-0.06857521390943547
141;0.06087500000000001;1900;1210;620;0.6109064525827667;0.02368760047420621;0.04647320397652431;270;-0.6109064525827667;0.02368760047420621;-0.04647320397652431
142;0.06212500000000001;770;1690;560;0.3672896648673563;0.03930866111890854;0.02851365514813876;980;-0.3672896648673563;0.03930866111890854;-0.02851365514813876
143;0.104875;1300;670;980;0.809304468326434;0.02000101270605158;0.1060679728658832;1050;-0.809304468326434;0.02000101270605158;-0.1060679728658832
144;0.128125;1490;500;820;0.7688955831933122;0.02961287702271595;0.1231120563282625;1190;-0.7688955831933122;0.02961287702271595;-0.1231120563282625
145;0.096875;1910;1480;890;0.803604207417425;0.01902745540285617;0.0972862798863776;-280;-0.803604207417425;0.01902745540285617;-0.0972862798863776
146;0.134875;870;1570;600;0.6642673553563627;0.04528515942351604;0.1119608279272899;960;-0.6642673553563627;0.04528515942351604;-0.1119608279272899
147;0.107125;1200;1290;1000;0.8009050051526198;0.02132989428398315;0.1072186242289721;510;-0.8009050051526198;0.02132989428398315;-0.1072186242289721
148;0.094625;2000;1180;560;0.7451016765876686;0.02412165091442257;0.0881082248836883;260;-0.7451016765876686;0.02412165091442257;-0.0881082248836883
149;0.095625;740;690;960;0.7406004602568608;0.02480704916942864;0.08850152325397838;1610;-0.7406004602568608;0.02480704916942864;-0.08850152325397838
150;0.144625;1430;1860;650;0.781341336396874;0.03162623719915186;0.1412155419815425;60;-0.781341336396874;0.03162623719915186;-0.1412155419815425
151;0.135125;820;1310;980;0.7824662515932209;0.02939684387200304;0.1321297275120687;890;-0.7824662515932209;0.02939684387200304;-0.1321297275120687
152;0.06262500000000001;1460;1830;600;0.4378382049265013;0.03520702872828946;0.03426435521637428;110;-0.4378382049265013;0.03520702872828946;-0.03426435521637428
153;0.122875;1990;870;770;0.8147601002993271;0.02276355951939648;0.1251112176456606;370;-0.8147601002993271;0.02276355951939648;-0.1251112176456606
154;0.05487500000000001;810;1100;930;0.5762999104174781;0.02325194551646515;0.03951938292494082;1160;-0.5762999104174781;0.02325194551646515;-0.03951938292494082
155;0.08462500000000001;1310;1970;800;0.5843164251153562;0.03517939540403363;0.06179231461054594;-80;-0.5843164251153562;0.03517939540403363;-0.06179231461054594
156;0.116375;2000;1430;850;0.8437462214939137;0.0181857405708556;0.122708081442835;-280;-0.8437462214939137;0.0181857405708556;-0.122708081442835
157;0.127625;1940;1800;880;0.8444925620252375;0.01984851866308687;0.1346894638886094;-620;-0.8444925620252375;0.01984851866308687;-0.1346894638886094
158;0.128625;1500;1490;840;0.8197497079842556;0.0231868021162462;0.1317671070391257;170;-0.8197497079842556;0.0231868021162462;-0.1317671070391257
159;0.111125;1300;1220;500;0.6494728425991613;0.0389550106544188;0.09019106480043791;980;-0.6494728425991613;0.0389550106544188;-0.09019106480043791
160;0.08962500000000001;700;580;640;0.609303784998608;0.03501840404640975;0.06824202149790548;2080;-0.609303784998608;0.03501840404640975;-0.06824202149790548
161;0.081625;1190;1900;950;0.6404267769610995;0.02935213119579121;0.06532548469799589;-40;-0.6404267769610995;0.02935213119579121;-0.06532548469799589
162;0.142875;1810;1400;700;0.8168334802165483;0.02617243192216353;0.1458452794841471;90;-0.8168334802165483;0.02617243192216353;-0.1458452794841471
163;0.104625;800;780;570;0.6229525280033628;0.03945119374005192;0.08144790726576437;1850;-0.6229525280033628;0.03945119374005192;-0.08144790726576437
164;0.08887500000000001;710;1120;990;0.6978289852121335;0.02685744913452418;0.07750359095722874;1180;-0.6978289852121335;0.02685744913452418;-0.07750359095722874
165;0.100125;1510;1740;610;0.5974029472936448;0.04031257231891728;0.07474775311830816;140;-0.5974029472936448;0.04031257231891728;-0.07474775311830816
166;0.07062500000000001;1290;1840;880;0.58288466980813;0.0294605498861361;0.05144322561740604;-10;-0.58288466980813;0.0294605498861361;-0.05144322561740604
167;0.139375;1650;1780;840;0.8305415954550008;0.02362052033809665;0.1446600453389858;-270;-0.8305415954550008;0.02362052033809665;-0.1446600453389858
168;0.110125;640;980;960;0.7415926010811111;0.02845940924356598;0.1020580312248327;1420;-0.7415926010811111;0.02845940924356598;-0.1020580312248327
169;0.06187500000000001;660;1310;860;0.5296163729160672;0.02910662152917727;0.04095075062153063;1170;-0.5296163729160672;0.02910662152917727;-0.04095075062153063
170;0.120125;1780;1380;520;0.7522939316633842;0.0297580874357076;0.1129319402703157;320;-0.7522939316633842;0.0297580874357076;-0.1129319402703157
171;0.09162500000000001;1440;1990;670;0.5474316756613373;0.04146898548973089;0.06268015209351328;-100;-0.5474316756613373;0.04146898548973089;-0.06268015209351328
172;0.116875;1620;1580;930;0.8266957545790319;0.02025678689387389;0.1207446582530168;-130;-0.8266957545790319;0.02025678689387389;-0.1207446582530168
173;0.143875;1450;1270;900;0.8055574734019267;0.02797802271343508;0.1448382122311611;380;-0.8055574734019267;0.02797802271343508;-0.1448382122311611
174;0.05712500000000001;700;920;870;0.5621994213674626;0.02501084024925519;0.04013314619349403;1510;-0.5621994213674626;0.02501084024925519;-0.04013314619349403
175;0.05212500000000001;1400;1560;820;0.5383417065659909;0.02406530759319963;0.03506627738516416;220;-0.5383417065659909;0.02406530759319963;-0.03506627738516416
176;0.108875;690;1570;530;0.4642240415434472;0.058335443577438;0.06315936757271616;1210;-0.4642240415434472;0.058335443577438;-0.06315936757271616
177;0.098125;500;1630;670;0.4928260892601473;0.04976905107540905;0.06043061407676047;1200;-0.4928260892601473;0.04976905107540905;-0.06043061407676047
178;0.06062500000000001;890;1910;700;0.4274766835716746;0.03471079705279061;0.03238505964169176;500;-0.4274766835716746;0.03471079705279061;-0.03238505964169176
179;0.107625;1150;1980;900;0.7097799547147808;0.031237301991743;0.09546203815374614;-30;-0.7097799547147808;0.031237301991743;-0.09546203815374614
180;0.117125;1360;1950;810;0.7360472659401203;0.03091790285559482;0.107733415612682;-120;-0.7360472659401203;0.03091790285559482;-0.107733415612682
181;0.112125;1040;1230;560;0.6317723052253283;0.04129030268862541;0.08852237621471268;1170;-0.6317723052253283;0.04129030268862541;-0.08852237621471268
182;0.139125;670;720;610;0.7000350839710067;0.04173583477687386;0.1217080516174428;2000;-0.7000350839710067;0.04173583477687386;-0.1217080516174428
183;0.08437500000000001;640;600;820;0.6516332058878174;0.02939546467120728;0.06870805372275898;1940;-0.6516332058878174;0.02939546467120728;-0.06870805372275898
184;0.05362500000000001;1230;930;900;0.6445300758301107;0.01906335743016474;0.04319172792505668;940;-0.6445300758301107;0.01906335743016474;-0.04319172792505668
185;0.125375;1290;710;510;0.7528906293261262;0.03098392663531817;0.1179614207364799;1490;-0.7528906293261262;0.03098392663531817;-0.1179614207364799
186;0.149625;780;1110;660;0.7362181475389072;0.03947162092802227;0.1376598930270802;1450;-0.7362181475389072;0.03947162092802227;-0.1376598930270802
187;0.05737500000000001;960;660;880;0.6455644800270484;0.02033712389233046;0.0462863339524733;1500;-0.6455644800270484;0.02033712389233046;-0.0462863339524733
188;0.100875;1980;920;700;0.8226775115028963;0.01788902052144076;0.1037082324204795;400;-0.8226775115028963;0.01788902052144076;-0.1037082324204795
189;0.075125;1950;1080;910;0.7905136762905358;0.0157389626557211;0.07421482695923687;60;-0.7905136762905358;0.0157389626557211;-0.07421482695923687
190;0.103375;1580;950;760;0.8029646628531792;0.0203702952217564;0.1037314614735261;710;-0.8029646628531792;0.0203702952217564;-0.1037314614735261
191;0.06112500000000001;1240;690;860;0.6964998757701535;0.01855280169956983;0.05320256053852945;1210;-0.6964998757701535;0.01855280169956983;-0.05320256053852945
192;0.06487500000000002;720;660;800;0.59311270377852;0.02639846371634247;0.04808422391014694;1820;-0.59311270377852;0.02639846371634247;-0.04808422391014694
193;0.116125;950;1790;530;0.5071182193252486;0.05723897975949979;0.07359006643138738;730;-0.5071182193252486;0.05723897975949979;-0.07359006643138738
194;0.102375;760;550;760;0.7113251949722837;0.02955534911162458;0.09100311658245133;1930;-0.7113251949722837;0.02955534911162458;-0.09100311658245133
195;0.05462500000000001;1210;760;590;0.566043685628791;0.02370627210634676;0.03863919455552474;1440;-0.566043685628791;0.02370627210634676;-0.03863919455552474
196;0.135875;840;1660;960;0.7773351844844545;0.03025724829152768;0.1319918206061411;540;-0.7773351844844545;0.03025724829152768;-0.1319918206061411
197;0.134625;1090;1940;750;0.7399384141636371;0.03501360914039101;0.1244850244930375;220;-0.7399384141636371;0.03501360914039101;-0.1244850244930375
198;0.083625;1070;670;950;0.7625442954877344;0.01985885748842471;0.07968885563298359;1310;-0.7625442954877344;0.01985885748842471;-0.07968885563298359
199;0.06712500000000002;560;800;680;0.4944976801142946;0.03393361968332861;0.04147937035936073;1960;-0.4944976801142946;0.03393361968332861;-0.04147937035936073
200;0.06137500000000001;580;1190;600;0.4055184126462256;0.0364878753683948;0.03110151952819578;1630;-0.4055184126462256;0.0364878753683948;-0.03110151952819578
201;0.08712500000000001;1750;1940;770;0.6259105889512759;0.03259467251872291;0.06814662741137793;-460;-0.6259105889512759;0.03259467251872291;-0.06814662741137793
202;0.145625;830;1610;860;0.7701998352723833;0.03346752319709509;0.1401643349054828;700;-0.7701998352723833;0.03346752319709509;-0.1401643349054828
203;0.07037500000000001;1010;680;520;0.5583591601199969;0.03108231236776646;0.04910419555357294;1790;-0.5583591601199969;0.03108231236776646;-0.04910419555357294
204;0.137625;980;690;540;0.7276980488102323;0.03747862607876039;0.1251540709554025;1790;-0.7276980488102323;0.03747862607876039;-0.1251540709554025
205;0.079625;760;1740;980;0.6182518682239204;0.03039868093423874;0.061518270562439;520;-0.6182518682239204;0.03039868093423874;-0.061518270562439
206;0.138625;1520;610;730;0.7593886970358417;0.03335763561513854;0.1315540509472422;1140;-0.7593886970358417;0.03335763561513854;-0.1315540509472422
207;0.05237500000000001;1280;1320;920;0.596703695380153;0.02112397626610107;0.0390544941902868;480;-0.596703695380153;0.02112397626610107;-0.0390544941902868
208;0.115875;1970;1100;640;0.8195509312851199;0.02091143924303572;0.1186768715454112;290;-0.8195509312851199;0.02091143924303572;-0.1186768715454112
209;0.05912500000000001;1830;1690;840;0.5899114682390644;0.02424799907402924;0.04358589652275365;-360;-0.5899114682390644;0.02424799907402924;-0.04358589652275365
210;0.120875;950;1160;1000;0.7944464983469265;0.02484846590830944;0.1200052425123313;890;-0.7944464983469265;0.02484846590830944;-0.1200052425123313
211;0.06512500000000002;750;1430;970;0.5868980903135826;0.0269049169232082;0.04776370538737015;850;-0.5868980903135826;0.0269049169232082;-0.04776370538737015
212;0.078375;1970;830;750;0.7990510512347896;0.01575070828036263;0.07826178306900758;450;-0.7990510512347896;0.01575070828036263;-0.07826178306900758
213;0.107375;560;680;830;0.6959658965734432;0.03264809689713375;0.09338656268975729;1930;-0.6959658965734432;0.03264809689713375;-0.09338656268975729
214;0.104375;1390;530;740;0.7901168777748684;0.02190847423564133;0.103059212058799;1340;-0.7901168777748684;0.02190847423564133;-0.103059212058799
215;0.06337500000000001;1550;1860;810;0.544647698848493;0.02885959230417706;0.04313394604697467;-220;-0.544647698848493;0.02885959230417706;-0.04313394604697467
216;0.096625;1570;860;950;0.8242826366123909;0.01698021912528547;0.09953266342684934;620;-0.8242826366123909;0.01698021912528547;-0.09953266342684934
217;0.118875;1970;1260;730;0.8310499525760193;0.02008581720178889;0.1234579833830111;40;-0.8310499525760193;0.02008581720178889;-0.1234579833830111
218;0.117625;1020;540;590;0.7344519636153782;0.03123762216235879;0.1079590691424597;1850;-0.7344519636153782;0.03123762216235879;-0.1079590691424597
219;0.08662500000000001;820;1410;870;0.6329369734551624;0.03179897069604289;0.06851627583995575;900;-0.6329369734551624;0.03179897069604289;-0.06851627583995575
220;0.077375;1350;560;540;0.6928229276259378;0.02376958914294908;0.06699092758258661;1550;-0.6928229276259378;0.02376958914294908;-0.06699092758258661
221;0.06962500000000002;1520;1180;910;0.7075867589828593;0.02036077151276859;0.0615655487902496;390;-0.7075867589828593;0.02036077151276859;-0.0615655487902496
222;0.07212500000000001;1220;1760;520;0.4051224359803399;0.0429073848886893;0.03651334440201866;500;-0.4051224359803399;0.0429073848886893;-0.03651334440201866
223;0.145375;1100;1080;550;0.7474230657733073;0.03672142742310951;0.1357854466289121;1270;-0.7474230657733073;0.03672142742310951;-0.1357854466289121
224;0.09362500000000001;1960;780;590;0.8031047810698654;0.01843591771698798;0.09396425259535147;670;-0.8031047810698654;0.01843591771698798;-0.09396425259535147
225;0.05512500000000001;880;1300;580;0.4168451754996036;0.03214783166640206;0.02871464515751515;1240;-0.4168451754996036;0.03214783166640206;-0.02871464515751515
226;0.115125;590;1890;690;0.5595421437597058;0.05071073267989938;0.08049875968634897;830;-0.5595421437597058;0.05071073267989938;-0.08049875968634897
227;0.08787500000000001;1550;730;810;0.7968950754052456;0.0178493631036628;0.08751132821473749;910;-0.7968950754052456;0.0178493631036628;-0.08751132821473749
228;0.08412500000000001;800;790;700;0.6160427964076406;0.0323025051779628;0.06476272738751113;1710;-0.6160427964076406;0.0323025051779628;-0.06476272738751113
229;0.143375;1370;1720;750;0.8034550193802129;0.02818214378188776;0.1439575673124237;160;-0.8034550193802129;0.02818214378188776;-0.1439575673124237
230;0.05162500000000001;1150;1170;690;0.5126291365178782;0.0251618673143093;0.03307100966295757;990;-0.5126291365178782;0.0251618673143093;-0.03307100966295757
231;0.124625;530;1570;610;0.5524277304614696;0.05578197724529376;0.08603339596794847;1290;-0.5524277304614696;0.05578197724529376;-0.08603339596794847
232;0.075875;1610;1090;710;0.6904423184684733;0.02348939566290426;0.06546640939879135;590;-0.6904423184684733;0.02348939566290426;-0.06546640939879135
233;0.108125;1880;1920;770;0.741606498178139;0.02794097409053779;0.1002061423365146;-570;-0.741606498178139;0.02794097409053779;-0.1002061423365146
234;0.098375;1680;540;560;0.7901400006759871;0.02064677811966837;0.09713763683271462;1220;-0.7901400006759871;0.02064677811966837;-0.09713763683271462
235;0.127125;1880;1490;970;0.8477239702165287;0.01935999817853521;0.1346756536788131;-340;-0.8477239702165287;0.01935999817853521;-0.1346756536788131
236;0.115625;1360;1240;720;0.7751971578355072;0.02599501069554183;0.1120111449002096;680;-0.7751971578355072;0.02599501069554183;-0.1120111449002096
237;0.141875;970;650;720;0.7443770168460924;0.03626961345656215;0.1319765725846597;1660;-0.7443770168460924;0.03626961345656215;-0.1319765725846597
238;0.147625;1330;820;630;0.7574268321114697;0.03581309820115893;0.1397335464175938;1220;-0.7574268321114697;0.03581309820115893;-0.1397335464175938
239;0.095875;1480;1830;850;0.6936424127711501;0.02937418179199108;0.08310624114243208;-160;-0.6936424127711501;0.02937418179199108;-0.08310624114243208
240;0.107875;520;760;690;0.6207376828704159;0.04091561634402831;0.08367936504105669;2030;-0.6207376828704159;0.04091561634402831;-0.08367936504105669
241;0.067875;920;560;630;0.5975136722831766;0.02732049072621544;0.050681104699806;1890;-0.5975136722831766;0.02732049072621544;-0.050681104699806
242;0.075375;570;1230;920;0.5920780299322234;0.03074904493614922;0.0557691907570505;1280;-0.5920780299322234;0.03074904493614922;-0.0557691907570505
243;0.05137500000000001;1070;900;710;0.5503018312843099;0.02310458928224141;0.03532961896393372;1320;-0.5503018312843099;0.02310458928224141;-0.03532961896393372
244;0.144875;1010;1360;850;0.7863558203683555;0.0309544334944557;0.1423677960775034;780;-0.7863558203683555;0.0309544334944557;-0.1423677960775034
245;0.080875;1340;550;690;0.7456191605684933;0.02057469202253278;0.07535756703168135;1420;-0.7456191605684933;0.02057469202253278;-0.07535756703168135
246;0.077875;1760;1730;680;0.5763742983600172;0.03299186822048927;0.05609059875972269;-170;-0.5763742983600172;0.03299186822048927;-0.05609059875972269
247;0.09187500000000001;1470;1060;860;0.7807201263487469;0.02014800301482775;0.08963744559861725;610;-0.7807201263487469;0.02014800301482775;-0.08963744559861725
248;0.05812500000000001;1840;1700;730;0.5395788582008474;0.02676349369369281;0.03919253315783889;-270;-0.5395788582008474;0.02676349369369281;-0.03919253315783889
249;0.05787500000000001;1140;1130;550;0.4747207286079385;0.03040206030107408;0.03433300449777304;1180;-0.4747207286079385;0.03040206030107408;-0.03433300449777304
250;0.142375;610;1380;620;0.6638797742407182;0.04785854029551054;0.1181177324786754;1390;-0.6638797742407182;0.04785854029551054;-0.1181177324786754
251;0.099375;900;1860;960;0.6876072988670991;0.03104627642058962;0.08539058353513122;280;-0.6876072988670991;0.03104627642058962;-0.08539058353513122
252;0.114875;750;640;940;0.761987715977743;0.02734396580046478;0.1093883224465449;1670;-0.761987715977743;0.02734396580046478;-0.1093883224465449
253;0.07387500000000001;860;1140;700;0.5443371966421973;0.03366402152878305;0.05025176177347866;1300;-0.5443371966421973;0.03366402152878305;-0.05025176177347866
254;0.097375;760;1470;770;0.6083459611284281;0.03813974849731332;0.07402641306338546;1000;-0.6083459611284281;0.03813974849731332;-0.07402641306338546
255;0.108375;1640;1340;810;0.8040341541148165;0.02123963211003027;0.1088935014490725;210;-0.8040341541148165;0.02123963211003027;-0.1088935014490725
256;0.05062500000000001;1580;1150;690;0.5715256817362161;0.02169282103666993;0.03615662201255813;580;-0.5715256817362161;0.02169282103666993;-0.03615662201255813
257;0.09062500000000001;790;720;520;0.5548103835732405;0.04034769318969589;0.06283174562838066;1970;-0.5548103835732405;0.04034769318969589;-0.06283174562838066
258;0.06862500000000002;1690;1890;900;0.6107445810627714;0.02671434835271236;0.05237576769875095;-480;-0.6107445810627714;0.02671434835271236;-0.05237576769875095
259;0.101375;550;980;620;0.5422231482236015;0.04640979000462366;0.06869018582425082;1850;-0.5422231482236015;0.04640979000462366;-0.06869018582425082
260;0.116625;620;1000;550;0.5658697712840216;0.05063348668700977;0.08246984224414708;1830;-0.5658697712840216;0.05063348668700977;-0.08246984224414708
261;0.140875;660;1130;790;0.740841007698957;0.03651204770841687;0.1304234797558217;1420;-0.740841007698957;0.03651204770841687;-0.1304234797558217
262;0.110875;630;1550;940;0.7051760132544084;0.03269108538255809;0.09770682888262368;880;-0.7051760132544084;0.03269108538255809;-0.09770682888262368
263;0.093875;1110;510;630;0.7249550479313517;0.02582183997959899;0.08504630444102732;1750;-0.7249550479313517;0.02582183997959899;-0.08504630444102732
264;0.110625;1210;1710;990;0.7801773823430664;0.02431994110613355;0.1078560127928694;90;-0.7801773823430664;0.02431994110613355;-0.1078560127928694
265;0.101875;1490;1890;980;0.7611309123014903;0.02433676890315568;0.0968998689360536;-360;-0.7611309123014903;0.02433676890315568;-0.0968998689360536
266;0.09962500000000001;1980;1060;820;0.8333279885715457;0.01660621551471316;0.1037492159978602;140;-0.8333279885715457;0.01660621551471316;-0.1037492159978602
267;0.09212500000000001;1450;1400;670;0.6559745076545127;0.03169554432027277;0.07551885791841323;480;-0.6559745076545127;0.03169554432027277;-0.07551885791841323
268;0.06687500000000002;1540;850;510;0.6190470367080901;0.02547789197838836;0.05173407002902829;1100;-0.6190470367080901;0.02547789197838836;-0.05173407002902829
269;0.101625;1410;1200;950;0.8064248311894149;0.01967379391820756;0.1024149187865089;440;-0.8064248311894149;0.01967379391820756;-0.1024149187865089
270;0.077125;1370;1180;600;0.590250986815253;0.03160386899447921;0.05688790235197531;850;-0.590250986815253;0.03160386899447921;-0.05688790235197531
271;0.08812500000000001;1550;1000;510;0.6645200921590594;0.02956624676849224;0.07318105408662064;940;-0.6645200921590594;0.02956624676849224;-0.07318105408662064
272;0.097625;1500;1540;930;0.7705669792346399;0.02240023098633784;0.0940086529579046;30;-0.7705669792346399;0.02240023098633784;-0.0940086529579046
273;0.133875;1240;1900;930;0.8028284591621144;0.02639868009325477;0.1343140992149252;-70;-0.8028284591621144;0.02639868009325477;-0.1343140992149252
274;0.05962500000000001;1530;1170;540;0.5290290736281243;0.02808321946855935;0.03941787403808731;760;-0.5290290736281243;0.02808321946855935;-0.03941787403808731
275;0.121125;1650;630;570;0.7841009407634781;0.02615312026362827;0.118687668228681;1150;-0.7841009407634781;0.02615312026362827;-0.118687668228681
276;0.136875;1940;1280;610;0.8143057812912265;0.02541935424490159;0.1392882591548371;170;-0.8143057812912265;0.02541935424490159;-0.1392882591548371
277;0.097125;570;1320;570;0.4617240063479666;0.05228264927227779;0.0560397116378332;1540;-0.4617240063479666;0.05228264927227779;-0.0560397116378332
278;0.140125;730;1790;680;0.6811517427147894;0.0446818870580349;0.1192757600654488;800;-0.6811517427147894;0.0446818870580349;-0.1192757600654488
279;0.135625;1250;730;980;0.7751696227110939;0.03049543294389678;0.13138246964489;1040;-0.7751696227110939;0.03049543294389678;-0.13138246964489
280;0.130125;1130;1290;660;0.7555242635934092;0.03181503115772856;0.1228586865047653;920;-0.7555242635934092;0.03181503115772856;-0.1228586865047653
281;0.07137500000000001;1430;510;910;0.7855098149833387;0.01531052244222969;0.07006402201331685;1150;-0.7855098149833387;0.01531052244222969;-0.07006402201331685
282;0.05587500000000001;1720;700;860;0.7457600982833901;0.01420675881355385;0.05207284430224574;720;-0.7457600982833901;0.01420675881355385;-0.05207284430224574
283;0.138375;1100;1840;630;0.7068770504432943;0.04056395483998468;0.1222348973765332;430;-0.7068770504432943;0.04056395483998468;-0.1222348973765332
284;0.06987500000000001;1750;700;940;0.8048582650617944;0.01363668703791961;0.07028116982171952;610;-0.8048582650617944;0.01363668703791961;-0.07028116982171952
285;0.09112500000000001;1770;1250;980;0.8173027193980399;0.01664973446247867;0.09307199738304356;0;-0.8173027193980399;0.01664973446247867;-0.09307199738304356
286;0.08587500000000001;1330;500;850;0.789062685610091;0.01811579041015249;0.08467910188415702;1320;-0.789062685610091;0.01811579041015249;-0.08467910188415702
287;0.05312500000000001;650;1340;690;0.4275173842299322;0.03041453075399468;0.02838137670856815;1320;-0.4275173842299322;0.03041453075399468;-0.02838137670856815
288;0.141625;1810;1750;700;0.8247245394564661;0.0248256954094249;0.1459654547326579;-260;-0.8247245394564661;0.0248256954094249;-0.1459654547326579
289;0.08687500000000001;1240;1580;1000;0.7203933795903161;0.02429269416653065;0.07820937353921267;180;-0.7203933795903161;0.02429269416653065;-0.07820937353921267
290;0.123125;890;1390;500;0.5658980225528846;0.05345200337858934;0.08707054466169323;1220;-0.5658980225528846;0.05345200337858934;-0.08707054466169323
291;0.123875;540;960;870;0.7249509100012391;0.03407440700308965;0.1122244679847728;1630;-0.7249509100012391;0.03407440700308965;-0.1122244679847728
292;0.073625;1790;590;830;0.8085159293401132;0.01409923586417013;0.07438962459389688;790;-0.8085159293401132;0.01409923586417013;-0.07438962459389688
293;0.126875;660;1830;580;0.5366897804991336;0.05878585309769035;0.08509129489464164;930;-0.5366897804991336;0.05878585309769035;-0.08509129489464164
294;0.094375;730;1970;750;0.5343979220748571;0.04394367118620574;0.06302415754193362;550;-0.5343979220748571;0.04394367118620574;-0.06302415754193362
295;0.06012500000000001;1890;1210;750;0.6553124091920758;0.02072576896395233;0.04923730318739206;150;-0.6553124091920758;0.02072576896395233;-0.04923730318739206
296;0.06287500000000001;1700;1210;980;0.7183206920752616;0.01771191159014834;0.05644035405755994;110;-0.7183206920752616;0.01771191159014834;-0.05644035405755994
297;0.136625;1910;1240;850;0.8218494425629443;0.02434223246715169;0.140322187611729;0;-0.8218494425629443;0.02434223246715169;-0.140322187611729
298;0.105125;1750;970;560;0.7777561897934933;0.02336533933071541;0.1021754964148315;720;-0.7777561897934933;0.02336533933071541;-0.1021754964148315
299;0.137875;1100;600;880;0.7559802343438555;0.03364717222133633;0.1302551393499283;1420;-0.7559802343438555;0.03364717222133633;-0.1302551393499283
300;0.05637500000000001;840;1600;660;0.4203687282500535;0.03267817114341304;0.02961400855282189;900;-0.4203687282500535;0.03267817114341304;-0.02961400855282189
301;0.074125;1270;1520;750;0.5759844573475452;0.03143207796548669;0.05335350348518175;460;-0.5759844573475452;0.03143207796548669;-0.05335350348518175
302;0.098875;720;1110;500;0.480922499938104;0.05132640835945325;0.05942163924255418;1670;-0.480922499938104;0.05132640835945325;-0.05942163924255418
303;0.08487500000000001;1740;1640;540;0.5405964062668384;0.03899412338053545;0.05733750478593821;80;-0.5405964062668384;0.03899412338053545;-0.05733750478593821
304;0.08837500000000001;1270;1930;550;0.4487375012876457;0.04872016048876113;0.04955682657055623;250;-0.4487375012876457;0.04872016048876113;-0.04955682657055623
305;0.123625;730;1270;760;0.7111416361233598;0.03571283763168076;0.1098642462779647;1240;-0.7111416361233598;0.03571283763168076;-0.1098642462779647
306;0.075625;1930;1330;830;0.7284037886772783;0.02054103493525159;0.06883854330794907;-90;-0.7284037886772783;0.02054103493525159;-0.06883854330794907
307;0.122625;1890;1040;550;0.8045085167589068;0.02397432849124631;0.1232849654308002;520;-0.8045085167589068;0.02397432849124631;-0.1232849654308002
308;0.131375;1320;780;880;0.7854897662868833;0.02818387133250026;0.1289597030570159;1020;-0.7854897662868833;0.02818387133250026;-0.1289597030570159
309;0.118375;500;1510;810;0.6551309690847218;0.04082675349529939;0.09691246528951881;1180;-0.6551309690847218;0.04082675349529939;-0.09691246528951881
310;0.05262500000000001;1310;1870;700;0.4432225909908716;0.02930180204646638;0.0291471082836039;120;-0.4432225909908716;0.02930180204646638;-0.0291471082836039
311;0.147375;930;1460;710;0.7615257145716551;0.03514817390894224;0.1402512191299765;900;-0.7615257145716551;0.03514817390894224;-0.1402512191299765
312;0.08512500000000001;520;1710;770;0.5094497932942716;0.0417603443744953;0.05419295847998186;1000;-0.5094497932942716;0.0417603443744953;-0.05419295847998186
313;0.08612500000000001;1760;530;720;0.8097583138171001;0.0163860191712778;0.08715334282704963;990;-0.8097583138171001;0.0163860191712778;-0.08715334282704963
314;0.067375;560;1850;690;0.41479308905804;0.03943003117833683;0.03492287970077533;900;-0.41479308905804;0.03943003117833683;-0.03492287970077533
315;0.113625;1390;2000;580;0.570641650502521;0.04878877470476237;0.08102598651112823;30;-0.570641650502521;0.04878877470476237;-0.08102598651112823
316;0.08537500000000001;2000;1640;770;0.6983142112996866;0.02575830707351628;0.0745030763439733;-410;-0.6983142112996866;0.02575830707351628;-0.0745030763439733
317;0.130625;930;1040;630;0.7300977558260084;0.03525874574192896;0.1191796865184773;1400;-0.7300977558260084;0.03525874574192896;-0.1191796865184773
318;0.05037500000000001;1630;1550;660;0.4910042172135922;0.02564199320113154;0.03090890933878826;160;-0.4910042172135922;0.02564199320113154;-0.03090890933878826
319;0.145875;1410;930;530;0.7634190723083366;0.03451429093401282;0.1391691877679739;1130;-0.7634190723083366;0.03451429093401282;-0.1391691877679739
320;0.05012500000000001;810;1550;880;0.5014297218364374;0.02499214874639543;0.03140856876357105;760;-0.5014297218364374;0.02499214874639543;-0.03140856876357105
321;0.06412500000000002;1610;1650;530;0.4492795081918488;0.03531663627670992;0.03600191221570238;210;-0.4492795081918488;0.03531663627670992;-0.03600191221570238
322;0.07287500000000001;1000;1520;580;0.4479105114231541;0.0402354393430446;0.04078978212474726;900;-0.4479105114231541;0.0402354393430446;-0.04078978212474726
323;0.106375;1080;1020;680;0.7144652883673657;0.03037608099223161;0.09497620799102968;1220;-0.7144652883673657;0.03037608099223161;-0.09497620799102968
324;0.08937500000000001;990;560;850;0.7478191816958817;0.02254047519586648;0.08352346067241281;1600;-0.7478191816958817;0.02254047519586648;-0.08352346067241281
325;0.101125;1180;1200;790;0.7348487314369858;0.02681551681107074;0.09286483101373975;830;-0.7348487314369858;0.02681551681107074;-0.09286483101373975
326;0.080375;950;500;740;0.6924962746437572;0.02471742640173935;0.06955545106063087;1810;-0.6924962746437572;0.02471742640173935;-0.06955545106063087
327;0.144375;650;1500;760;0.7272162712102589;0.03938632044882625;0.1312053057648738;1090;-0.7272162712102589;0.03938632044882625;-0.1312053057648738
328;0.102125;1250;730;840;0.7908495066708817;0.02136133299571659;0.1009309048383091;1180;-0.7908495066708817;0.02136133299571659;-0.1009309048383091
329;0.105875;1540;1720;500;0.5516330174773139;0.04747363264515056;0.07298438541822917;240;-0.5516330174773139;0.04747363264515056;-0.07298438541822917
330;0.08762500000000001;1920;770;890;0.8349097863316016;0.01446735627528209;0.09142569288327576;420;-0.8349097863316016;0.01446735627528209;-0.09142569288327576
331;0.05187500000000001;1470;960;820;0.6418625603448516;0.01857962846852686;0.04160928055795408;750;-0.6418625603448516;0.01857962846852686;-0.04160928055795408
332;0.143625;1440;1030;740;0.7853418965218389;0.0308331303551719;0.1409580748381359;790;-0.7853418965218389;0.0308331303551719;-0.1409580748381359
333;0.141375;700;1050;920;0.7600409217776454;0.03392718408169704;0.1342791142973241;1330;-0.7600409217776454;0.03392718408169704;-0.1342791142973241
334;0.080125;780;1950;650;0.4369106566601735;0.04511963613001192;0.04374634562193488;620;-0.4369106566601735;0.04511963613001192;-0.04374634562193488
335;0.106875;1920;1090;930;0.8445144330285028;0.01661908511892596;0.1127937325638794;60;-0.8445144330285028;0.01661908511892596;-0.1127937325638794
336;0.148375;1230;1620;620;0.7708561291372413;0.03400212092116189;0.1429328172619985;530;-0.7708561291372413;0.03400212092116189;-0.1429328172619985
337;0.113125;1430;1660;740;0.7357386231010237;0.02989691764710417;0.1040104891119694;170;-0.7357386231010237;0.02989691764710417;-0.1040104891119694
338;0.08637500000000001;940;1820;500;0.3880041633535448;0.05286333983418603;0.04187968221420291;740;-0.3880041633535448;0.05286333983418603;-0.04187968221420291
339;0.074625;1560;1840;970;0.6595063662360359;0.02541109474224884;0.06150270723923566;-370;-0.6595063662360359;0.02541109474224884;-0.06150270723923566
340;0.119625;1410;1600;610;0.7017283169508618;0.03568341503107796;0.1049021164175783;380;-0.7017283169508618;0.03568341503107796;-0.1049021164175783
341;0.132125;630;1820;900;0.7252130871830545;0.03630913127642053;0.1197419449015036;650;-0.7252130871830545;0.03630913127642053;-0.1197419449015036
342;0.098625;850;1680;600;0.4963298463430234;0.04967707471921669;0.06117036211440346;870;-0.4963298463430234;0.04967707471921669;-0.06117036211440346
343;0.07112500000000001;1730;940;820;0.7507009001936854;0.01773278737522638;0.06672431052057121;510;-0.7507009001936854;0.01773278737522638;-0.06672431052057121
344;0.09312500000000001;1200;1610;840;0.6742425329086488;0.0303383098943476;0.07846464440153292;350;-0.6742425329086488;0.0303383098943476;-0.07846464440153292
345;0.06037500000000001;630;1030;760;0.5025537054494651;0.03003490910578105;0.03791608280722895;1580;-0.5025537054494651;0.03003490910578105;-0.03791608280722895
346;0.128875;1000;950;790;0.7740832604425457;0.02911753588264499;0.1246679291201307;1260;-0.7740832604425457;0.02911753588264499;-0.1246679291201307
347;0.134125;1720;860;970;0.7946346266464701;0.02754744999654287;0.1331933468458883;450;-0.7946346266464701;0.02754744999654287;-0.1331933468458883
348;0.09012500000000001;720;1880;890;0.6009567182879518;0.03596607406025459;0.06768260835874751;510;-0.6009567182879518;0.03596607406025459;-0.06768260835874751
349;0.124375;1560;970;830;0.8115064505857822;0.02344607972138172;0.1261323778089435;640;-0.8115064505857822;0.02344607972138172;-0.1261323778089435
350;0.121375;580;1300;940;0.734496907158554;0.03222803081572977;0.1114076513898885;1180;-0.734496907158554;0.03222803081572977;-0.1114076513898885
351;0.129625;1330;1120;560;0.7596514907633627;0.03115775701624805;0.1230552110524046;990;-0.7596514907633627;0.03115775701624805;-0.1230552110524046
352;0.08562500000000001;510;1010;740;0.5467835442747191;0.03880891465735021;0.05850623142173914;1740;-0.5467835442747191;0.03880891465735021;-0.05850623142173914
353;0.05387500000000001;800;910;590;0.4568983362025959;0.02926101541564464;0.03076016764190358;1700;-0.4568983362025959;0.02926101541564464;-0.03076016764190358
354;0.06837500000000001;1230;950;1000;0.7245226608425132;0.01883720142966773;0.06190751014767847;820;-0.7245226608425132;0.01883720142966773;-0.06190751014767847
355;0.05337500000000001;1710;1330;870;0.6277078022280091;0.01987241287573383;0.04186827379666124;90;-0.6277078022280091;0.01987241287573383;-0.04186827379666124
356;0.083375;1660;1920;570;0.4871595784739619;0.04276028057355164;0.05075635257376131;-150;-0.4871595784739619;0.04276028057355164;-0.05075635257376131
357;0.07012500000000002;1570;1950;710;0.5093094220955943;0.03441151767607525;0.04463121198925903;-230;-0.5093094220955943;0.03441151767607525;-0.04463121198925903
358;0.08987500000000001;1060;1260;930;0.7207489322341524;0.02509961302300066;0.08095003722222774;750;-0.7207489322341524;0.02509961302300066;-0.08095003722222774
359;0.147125;1090;1040;940;0.7767311374588619;0.03285146851006782;0.1428098639135423;930;-0.7767311374588619;0.03285146851006782;-0.1428098639135423
360;0.109625;980;520;880;0.7733985263959376;0.02484331935155809;0.1059524721347582;1620;-0.7733985263959376;0.02484331935155809;-0.1059524721347582
361;0.133625;1120;640;660;0.755387546696928;0.03268917293233983;0.126140936758821;1580;-0.755387546696928;0.03268917293233983;-0.126140936758821
362;0.106125;1500;810;500;0.7470558917017787;0.02684585784555052;0.09907559178576109;1190;-0.7470558917017787;0.02684585784555052;-0.09907559178576109
363;0.09037500000000001;1810;1610;990;0.7837822745722338;0.01954230035608243;0.08851985399404093;-410;-0.7837822745722338;0.01954230035608243;-0.08851985399404093
364;0.06437500000000002;1420;570;780;0.732048984158975;0.01725067437339694;0.058891372191853;1230;-0.732048984158975;0.01725067437339694;-0.058891372191853
365;0.094125;940;1410;510;0.472878665172298;0.04961778622912183;0.05562081799449835;1140;-0.472878665172298;0.04961778622912183;-0.05562081799449835
366;0.122125;1710;1870;570;0.6798998103193847;0.03909506460613873;0.1037628245962302;-150;-0.6798998103193847;0.03909506460613873;-0.1037628245962302
367;0.147875;960;1350;570;0.7286884442432696;0.04012339370570491;0.1346579850867991;1120;-0.7286884442432696;0.04012339370570491;-0.1346579850867991
368;0.114625;1370;520;620;0.7735467609436903;0.02595945009289462;0.1108062826175902;1490;-0.7735467609436903;0.02595945009289462;-0.1108062826175902
369;0.108625;920;1980;820;0.6506006543008204;0.03795612441884112;0.08831513389074869;280;-0.6506006543008204;0.03795612441884112;-0.08831513389074869
370;0.148125;1000;1000;740;0.7619055890229216;0.03527082198379925;0.1410354865900567;1260;-0.7619055890229216;0.03527082198379925;-0.1410354865900567
371;0.126125;670;610;700;0.7133039160733884;0.03616237049097985;0.1124269944293428;2020;-0.7133039160733884;0.03616237049097985;-0.1124269944293428
372;0.138875;610;1380;870;0.7429371838512583;0.03570254537543925;0.1289356089801669;1140;-0.7429371838512583;0.03570254537543925;-0.1289356089801669
373;0.078625;930;1730;800;0.5503411081511856;0.03535647635724175;0.05407276857415898;540;-0.5503411081511856;0.03535647635724175;-0.05407276857415898
374;0.132625;780;800;950;0.7652029988497632;0.03114264786348366;0.1268237278059231;1470;-0.7652029988497632;0.03114264786348366;-0.1268237278059231
375;0.144125;870;790;850;0.7529454002525406;0.03560983475301809;0.1356130115741062;1490;-0.7529454002525406;0.03560983475301809;-0.1356130115741062
376;0.132375;1030;1810;860;0.7708000907230453;0.03034294906297388;0.1275105049320135;300;-0.7708000907230453;0.03034294906297388;-0.1275105049320135
377;0.05662500000000002;880;1280;780;0.5123265745754525;0.02761600060715953;0.03625262330935562;1060;-0.5123265745754525;0.02761600060715953;-0.03625262330935562
378;0.113375;1720;530;790;0.798713609672401;0.02282298036997208;0.1131644172760957;960;-0.798713609672401;0.02282298036997208;-0.1131644172760957
379;0.079375;540;960;590;0.4578274553069575;0.04303703112472396;0.04541167047881093;1910;-0.4578274553069575;0.04303703112472396;-0.04541167047881093
380;0.135375;600;750;810;0.731309004136366;0.03637703856490506;0.1237188885892788;1840;-0.731309004136366;0.03637703856490506;-0.1237188885892788
381;0.114375;1640;1940;860;0.7762730037536069;0.0255909024407951;0.1109538954041655;-440;-0.7762730037536069;0.0255909024407951;-0.1109538954041655
382;0.05562500000000001;1090;1750;830;0.5035139171969086;0.02761849834251262;0.03499978071324356;330;-0.5035139171969086;0.02761849834251262;-0.03499978071324356
383;0.076875;1170;890;570;0.5967551603120177;0.03100139715775794;0.05732835674462844;1370;-0.5967551603120177;0.03100139715775794;-0.05732835674462844
384;0.080625;1320;1640;630;0.5237642950722369;0.03839862855882114;0.05277041526485678;410;-0.5237642950722369;0.03839862855882114;-0.05277041526485678
385;0.117875;710;1500;670;0.6160403027431831;0.0452622030736865;0.09074444224531475;1120;-0.6160403027431831;0.0452622030736865;-0.09074444224531475
386;0.07437500000000001;980;1140;500;0.4633489172609068;0.03991539023185251;0.04306429916789543;1380;-0.4633489172609068;0.03991539023185251;-0.04306429916789543
387;0.142125;1870;870;860;0.7807861996194759;0.03115761217880858;0.1386721555699615;400;-0.7807861996194759;0.03115761217880858;-0.1386721555699615
388;0.110375;1840;1770;940;0.8199652844379958;0.01987309246337108;0.1131007601276646;-550;-0.8199652844379958;0.01987309246337108;-0.1131007601276646
389;0.149125;1680;1020;830;0.7801759309215855;0.03278423578861657;0.1453929108699572;470;-0.7801759309215855;0.03278423578861657;-0.1453929108699572
390;0.119125;680;620;570;0.6535310086872212;0.04127600300155764;0.0972882349365185;2130;-0.6535310086872212;0.04127600300155764;-0.0972882349365185
391;0.127875;1770;1970;760;0.7975970954922009;0.02588449573409779;0.1274580864088628;-500;-0.7975970954922009;0.02588449573409779;-0.1274580864088628
392;0.105375;1870;1630;540;0.6544794424576161;0.03641176010695978;0.08618360421656719;-40;-0.6544794424576161;0.03641176010695978;-0.08618360421656719
393;0.06637500000000002;900;860;970;0.6697629828357845;0.02192103557449325;0.05555425354331664;1270;-0.6697629828357845;0.02192103557449325;-0.05555425354331664
394;0.05287500000000001;1470;1690;930;0.5721334808105218;0.02262480043854374;0.03780373220728044;-90;-0.5721334808105218;0.02262480043854374;-0.03780373220728044
395;0.099125;1930;630;790;0.8262396950880314;0.01722553545487958;0.1023502902433028;650;-0.8262396950880314;0.01722553545487958;-0.1023502902433028
396;0.140625;1600;670;620;0.7604800503566947;0.03368605878513398;0.1336463794499091;1110;-0.7604800503566947;0.03368605878513398;-0.1336463794499091
397;0.05537500000000001;1850;1010;870;0.7088560252305141;0.01612327551782965;0.04905286358789531;270;-0.7088560252305141;0.01612327551782965;-0.04905286358789531
398;0.103125;1050;930;990;0.7912067115453192;0.02153364825016127;0.1019651833680995;1030;-0.7912067115453192;0.02153364825016127;-0.1019651833680995
399;0.115375;1050;1680;900;0.7529471452392191;0.02850605198311996;0.1085606784882655;370;-0.7529471452392191;0.02850605198311996;-0.1085606784882655
400;0.07187500000000001;1960;1480;680;0.6260755952542703;0.02687758955858169;0.05623337420762874;-120;-0.6260755952542703;0.02687758955858169;-0.05623337420762874
